Workbook

Sheet Seguimiento
A1: 🎓 SEGUIMIENTO DE CARRERA — INGENIERÍA QUÍMICA
A2: Plan 2023 • UTN — Facultad Regional Resistencia
A4: ✅ APROBADAS | C4: 📈 AVANCE | E4: ❌ NO CURSADAS / CURSANDO | G4: 📊 PROM. SIN APLAZOS | I4: 📚 HS. ELECT. APROBADAS
A5: =COUNTIF(F12:F64,"Aprobada") -> 0 | C5: =IFERROR(COUNTIF(F12:F52,"Aprobada")/41,0) -> 0 | E5: =COUNTIF(F12:F52,"No Cursada")+COUNTIF(F12:F52,"Cursando") -> 41 | G5: =IFERROR(AVERAGEIF(G12:G64,">="&6),"—") -> — | I5: {=SUMPRODUCT((F53:F65="Aprobada")*J53:J65)} -> 0
A6: 🟢 DISPONIBLES PARA CURSAR | E6: 📋 REGULARES | G6: 📉 PROM. CON APLAZOS | I6: 📊 % ELECT. COMPLETADAS
A7: =COUNTIF(H12:H52,"✅ Disponible") -> 9 | E7: =COUNTIF(F12:F64,"Regular") -> 0 | G7: {=IFERROR((SUMPRODUCT(IF(ISNUMBER(G12:G64),G12:G64,0))+SUMPRODUCT((ISNUMBER(Finales!G5:G57))*(Finales!G5:G57<6)*Finales!G5:G57)+SUMPRODUCT((ISNUMBER(Finales!I5:I57))*(Finales!I5:I57<6)*Finales!I5:I57)+SUMPRODUCT((ISNUMBER(Finales!K5:K57))*(Finales!K5:K57<6)*Finales!K5:K57)+SUMPRODUCT((ISNUMBER(Finales!M5:M57))*(Finales!M5:M57<6)*Finales!M5:M57)+SUMPRODUCT((ISNUMBER(Finales!O5:O57))*(Finales!O5:O57<6)*Finales!O5:O57)+SUMPRODUCT((ISNUMBER(Finales!Q5:Q57))*(Finales!Q5:Q57<6)*Finales!Q5:Q57))/(SUMPRODUCT(ISNUMBER(G12:G64)*1)+SUMPRODUCT((ISNUMBER(Finales!G5:G57))*(Finales!G5:G57<6))+SUMPRODUCT((ISNUMBER(Finales!I5:I57))*(Finales!I5:I57<6))+SUMPRODUCT((ISNUMBER(Finales!K5:K57))*(Finales!K5:K57<6))+SUMPRODUCT((ISNUMBER(Finales!M5:M57))*(Finales!M5:M57<6))+SUMPRODUCT((ISNUMBER(Finales!O5:O57))*(Finales!O5:O57<6))+SUMPRODUCT((ISNUMBER(Finales!Q5:Q57))*(Finales!Q5:Q57<6))),"—")} -> — | I7: {=IFERROR(SUMPRODUCT((F53:F65="Aprobada")*J53:J65)/24,0)} -> 0
A8: 💡 Columna "ESTADO" (F): seleccione del menú desplegable • Columna "NOTA FINAL" (G): ingrese la nota del examen final (1-10)
A11: N° | B11: NIVEL | C11: ASIGNATURA | D11: CURSADAS REQ. | E11: APROBADAS REQ. | F11: ESTADO | G11: NOTA FINAL | H11: DISPONIBLE | I11: MATERIAS FALTANTES PARA HABILITAR | J11: CARGA HORARIA
A12: 1 | B12: I | C12: Introducción a la Ingeniería Química | D12: - | E12: - | F12: No Cursada | G12: =IF(Finales!E5="","",Finales!E5) | H12: =IF(F12="Aprobada","✅ Aprobada",IF(F12="Regular","🔄 Regular",IF(F12="Cursando","📖 Cursando","✅ Disponible"))) -> ✅ Disponible | I12: =IF(F12="No Cursada","Sin correlativas","-") -> Sin correlativas | J12: 3
A13: 2 | B13: I | C13: Ingeniería y Sociedad | D13: - | E13: - | F13: No Cursada | G13: =IF(Finales!E6="","",Finales!E6) | H13: =IF(F13="Aprobada","✅ Aprobada",IF(F13="Regular","🔄 Regular",IF(F13="Cursando","📖 Cursando","✅ Disponible"))) -> ✅ Disponible | I13: =IF(F13="No Cursada","Sin correlativas","-") -> Sin correlativas | J13: 2
A14: 3 | B14: I | C14: Álgebra y Geometría Analítica | D14: - | E14: - | F14: No Cursada | G14: =IF(Finales!E7="","",Finales!E7) | H14: =IF(F14="Aprobada","✅ Aprobada",IF(F14="Regular","🔄 Regular",IF(F14="Cursando","📖 Cursando","✅ Disponible"))) -> ✅ Disponible | I14: =IF(F14="No Cursada","Sin correlativas","-") -> Sin correlativas | J14: 5
A15: 4 | B15: I | C15: Análisis Matemático I | D15: - | E15: - | F15: No Cursada | G15: =IF(Finales!E8="","",Finales!E8) | H15: =IF(F15="Aprobada","✅ Aprobada",IF(F15="Regular","🔄 Regular",IF(F15="Cursando","📖 Cursando","✅ Disponible"))) -> ✅ Disponible | I15: =IF(F15="No Cursada","Sin correlativas","-") -> Sin correlativas | J15: 5
A16: 5 | B16: I | C16: Física I | D16: - | E16: - | F16: No Cursada | G16: =IF(Finales!E9="","",Finales!E9) | H16: =IF(F16="Aprobada","✅ Aprobada",IF(F16="Regular","🔄 Regular",IF(F16="Cursando","📖 Cursando","✅ Disponible"))) -> ✅ Disponible | I16: =IF(F16="No Cursada","Sin correlativas","-") -> Sin correlativas | J16: 5
A17: 6 | B17: I | C17: Química | D17: - | E17: - | F17: No Cursada | G17: =IF(Finales!E10="","",Finales!E10) | H17: =IF(F17="Aprobada","✅ Aprobada",IF(F17="Regular","🔄 Regular",IF(F17="Cursando","📖 Cursando","✅ Disponible"))) -> ✅ Disponible | I17: =IF(F17="No Cursada","Sin correlativas","-") -> Sin correlativas | J17: 5
A18: 7 | B18: I | C18: Sistemas de Representación | D18: - | E18: - | F18: No Cursada | G18: =IF(Finales!E11="","",Finales!E11) | H18: =IF(F18="Aprobada","✅ Aprobada",IF(F18="Regular","🔄 Regular",IF(F18="Cursando","📖 Cursando","✅ Disponible"))) -> ✅ Disponible | I18: =IF(F18="No Cursada","Sin correlativas","-") -> Sin correlativas | J18: 2
A19: 8 | B19: I | C19: Fundamentos de Informática | D19: - | E19: - | F19: No Cursada | G19: =IF(Finales!E12="","",Finales!E12) | H19: =IF(F19="Aprobada","✅ Aprobada",IF(F19="Regular","🔄 Regular",IF(F19="Cursando","📖 Cursando","✅ Disponible"))) -> ✅ Disponible | I19: =IF(F19="No Cursada","Sin correlativas","-") -> Sin correlativas | J19: 2
A20: 9 | B20: II | C20: Introducción a Equipos y Procesos | D20: 1, 6 | E20: - | F20: No Cursada | G20: =IF(Finales!E13="","",Finales!E13) | H20: =IF(F20="Aprobada","✅ Aprobada",IF(F20="Regular","🔄 Regular",IF(F20="Cursando","📖 Cursando",IF(AND(OR(Datos!A2="Regular",Datos!A2="Aprobada"),OR(Datos!A7="Regular",Datos!A7="Aprobada")),"✅ Disponible","❌ No Disponible")))) -> ❌ No Disponible | I20: =IF(OR(F20="Aprobada",F20="Regular"),"-",IF(H20="✅ Disponible","Sin faltantes",IF(AND(Datos!A2<>"Regular",Datos!A2<>"Aprobada"),A12&"-"&C12&" (cursar); ","")&IF(AND(Datos!A7<>"Regular",Datos!A7<>"Aprobada"),A17&"-"&C17&" (cursar); ",""))) -> 1-Introducción a la Ingeniería Química (cursar); 6-Química (cursar); | J20: 3
A21: 10 | B21: II | C21: Probabilidad y Estadística | D21: 3, 4 | E21: - | F21: No Cursada | G21: =IF(Finales!E14="","",Finales!E14) | H21: =IF(F21="Aprobada","✅ Aprobada",IF(F21="Regular","🔄 Regular",IF(F21="Cursando","📖 Cursando",IF(AND(OR(Datos!A4="Regular",Datos!A4="Aprobada"),OR(Datos!A5="Regular",Datos!A5="Aprobada")),"✅ Disponible","❌ No Disponible")))) -> ❌ No Disponible | I21: =IF(OR(F21="Aprobada",F21="Regular"),"-",IF(H21="✅ Disponible","Sin faltantes",IF(AND(Datos!A4<>"Regular",Datos!A4<>"Aprobada"),A14&"-"&C14&" (cursar); ","")&IF(AND(Datos!A5<>"Regular",Datos!A5<>"Aprobada"),A15&"-"&C15&" (cursar); ",""))) -> 3-Álgebra y Geometría Analítica (cursar); 4-Análisis Matemático I (cursar); | J21: 3
A22: 11 | B22: II | C22: Química Inorgánica | D22: 6 | E22: - | F22: No Cursada | G22: =IF(Finales!E15="","",Finales!E15) | H22: =IF(F22="Aprobada","✅ Aprobada",IF(F22="Regular","🔄 Regular",IF(F22="Cursando","📖 Cursando",IF(AND(OR(Datos!A7="Regular",Datos!A7="Aprobada")),"✅ Disponible","❌ No Disponible")))) -> ❌ No Disponible | I22: =IF(OR(F22="Aprobada",F22="Regular"),"-",IF(H22="✅ Disponible","Sin faltantes",IF(AND(Datos!A7<>"Regular",Datos!A7<>"Aprobada"),A17&"-"&C17&" (cursar); ",""))) -> 6-Química (cursar); | J22: 4
A23: 12 | B23: II | C23: Análisis Matemático II | D23: 3, 4 | E23: - | F23: No Cursada | G23: =IF(Finales!E16="","",Finales!E16) | H23: =IF(F23="Aprobada","✅ Aprobada",IF(F23="Regular","🔄 Regular",IF(F23="Cursando","📖 Cursando",IF(AND(OR(Datos!A4="Regular",Datos!A4="Aprobada"),OR(Datos!A5="Regular",Datos!A5="Aprobada")),"✅ Disponible","❌ No Disponible")))) -> ❌ No Disponible | I23: =IF(OR(F23="Aprobada",F23="Regular"),"-",IF(H23="✅ Disponible","Sin faltantes",IF(AND(Datos!A4<>"Regular",Datos!A4<>"Aprobada"),A14&"-"&C14&" (cursar); ","")&IF(AND(Datos!A5<>"Regular",Datos!A5<>"Aprobada"),A15&"-"&C15&" (cursar); ",""))) -> 3-Álgebra y Geometría Analítica (cursar); 4-Análisis Matemático I (cursar); | J23: 5
A24: 13 | B24: II | C24: Física II | D24: 4, 5 | E24: - | F24: No Cursada | G24: =IF(Finales!E17="","",Finales!E17) | H24: =IF(F24="Aprobada","✅ Aprobada",IF(F24="Regular","🔄 Regular",IF(F24="Cursando","📖 Cursando",IF(AND(OR(Datos!A5="Regular",Datos!A5="Aprobada"),OR(Datos!A6="Regular",Datos!A6="Aprobada")),"✅ Disponible","❌ No Disponible")))) -> ❌ No Disponible | I24: =IF(OR(F24="Aprobada",F24="Regular"),"-",IF(H24="✅ Disponible","Sin faltantes",IF(AND(Datos!A5<>"Regular",Datos!A5<>"Aprobada"),A15&"-"&C15&" (cursar); ","")&IF(AND(Datos!A6<>"Regular",Datos!A6<>"Aprobada"),A16&"-"&C16&" (cursar); ",""))) -> 4-Análisis Matemático I (cursar); 5-Física I (cursar); | J24: 5
A25: 14 | B25: II | C25: Química Orgánica | D25: 6 | E25: - | F25: No Cursada | G25: =IF(Finales!E18="","",Finales!E18) | H25: =IF(F25="Aprobada","✅ Aprobada",IF(F25="Regular","🔄 Regular",IF(F25="Cursando","📖 Cursando",IF(AND(OR(Datos!A7="Regular",Datos!A7="Aprobada")),"✅ Disponible","❌ No Disponible")))) -> ❌ No Disponible | I25: =IF(OR(F25="Aprobada",F25="Regular"),"-",IF(H25="✅ Disponible","Sin faltantes",IF(AND(Datos!A7<>"Regular",Datos!A7<>"Aprobada"),A17&"-"&C17&" (cursar); ",""))) -> 6-Química (cursar); | J25: 5
A26: 15 | B26: II | C26: Legislación | D26: 1, 2 | E26: - | F26: No Cursada | G26: =IF(Finales!E19="","",Finales!E19) | H26: =IF(F26="Aprobada","✅ Aprobada",IF(F26="Regular","🔄 Regular",IF(F26="Cursando","📖 Cursando",IF(AND(OR(Datos!A2="Regular",Datos!A2="Aprobada"),OR(Datos!A3="Regular",Datos!A3="Aprobada")),"✅ Disponible","❌ No Disponible")))) -> ❌ No Disponible | I26: =IF(OR(F26="Aprobada",F26="Regular"),"-",IF(H26="✅ Disponible","Sin faltantes",IF(AND(Datos!A2<>"Regular",Datos!A2<>"Aprobada"),A12&"-"&C12&" (cursar); ","")&IF(AND(Datos!A3<>"Regular",Datos!A3<>"Aprobada"),A13&"-"&C13&" (cursar); ",""))) -> 1-Introducción a la Ingeniería Química (cursar); 2-Ingeniería y Sociedad (cursar); | J26: 2
A27: 40 | B27: II | C27: Inglés I | D27: - | E27: - | F27: No Cursada | G27: =IF(Finales!E20="","",Finales!E20) | H27: =IF(F27="Aprobada","✅ Aprobada",IF(F27="Regular","🔄 Regular",IF(F27="Cursando","📖 Cursando","✅ Disponible"))) -> ✅ Disponible | I27: =IF(F27="No Cursada","Sin correlativas","-") -> Sin correlativas | J27: 2
A28: 16 | B28: III | C28: Balances de Masa y Energía | D28: 6, 7, 8, 9, 13 | E28: 1, 3, 4 | F28: No Cursada | G28: =IF(Finales!E21="","",Finales!E21) | H28: =IF(F28="Aprobada","✅ Aprobada",IF(F28="Regular","🔄 Regular",IF(F28="Cursando","📖 Cursando",IF(AND(OR(Datos!A7="Regular",Datos!A7="Aprobada"),OR(Datos!A8="Regular",Datos!A8="Aprobada"),OR(Datos!A9="Regular",Datos!A9="Aprobada"),OR(Datos!A10="Regular",Datos!A10="Aprobada"),OR(Datos!A14="Regular",Datos!A14="Aprobada"),Datos!A2="Aprobada",Datos!A4="Aprobada",Datos!A5="Aprobada"),"✅ Disponible","❌ No Disponible")))) -> ❌ No Disponible | I28: =IF(OR(F28="Aprobada",F28="Regular"),"-",IF(H28="✅ Disponible","Sin faltantes",IF(AND(Datos!A7<>"Regular",Datos!A7<>"Aprobada"),A17&"-"&C17&" (cursar); ","")&IF(AND(Datos!A8<>"Regular",Datos!A8<>"Aprobada"),A18&"-"&C18&" (cursar); ","")&IF(AND(Datos!A9<>"Regular",Datos!A9<>"Aprobada"),A19&"-"&C19&" (cursar); ","")&IF(AND(Datos!A10<>"Regular",Datos!A10<>"Aprobada"),A20&"-"&C20&" (cursar); ","")&IF(AND(Datos!A14<>"Regular",Datos!A14<>"Aprobada"),A24&"-"&C24&" (cursar); ","")&IF(Datos!A2<>"Aprobada",A12&"-"&C12&" (aprobar); ","")&IF(Datos!A4<>"Aprobada",A14&"-"&C14&" (aprobar); ","")&IF(Datos!A5<>"Aprobada",A15&"-"&C15&" (aprobar); ",""))) -> 6-Química (cursar); 7-Sistemas de Representación (cursar); 8-Fundamentos de Informática (cursar); 9-Introducción a Equipos y Procesos (cursar); 13-Física II (cursar); 1-Introducción a la Ingeniería Química (aprobar); 3-Álgebra y Geometría Analítica (aprobar); 4-Análisis Matemático I (aprobar); | J28: 3
A29: 17 | B29: III | C29: Termodinámica | D29: 11, 12, 13 | E29: 4, 6 | F29: No Cursada | G29: =IF(Finales!E22="","",Finales!E22) | H29: =IF(F29="Aprobada","✅ Aprobada",IF(F29="Regular","🔄 Regular",IF(F29="Cursando","📖 Cursando",IF(AND(OR(Datos!A12="Regular",Datos!A12="Aprobada"),OR(Datos!A13="Regular",Datos!A13="Aprobada"),OR(Datos!A14="Regular",Datos!A14="Aprobada"),Datos!A5="Aprobada",Datos!A7="Aprobada"),"✅ Disponible","❌ No Disponible")))) -> ❌ No Disponible | I29: =IF(OR(F29="Aprobada",F29="Regular"),"-",IF(H29="✅ Disponible","Sin faltantes",IF(AND(Datos!A12<>"Regular",Datos!A12<>"Aprobada"),A22&"-"&C22&" (cursar); ","")&IF(AND(Datos!A13<>"Regular",Datos!A13<>"Aprobada"),A23&"-"&C23&" (cursar); ","")&IF(AND(Datos!A14<>"Regular",Datos!A14<>"Aprobada"),A24&"-"&C24&" (cursar); ","")&IF(Datos!A5<>"Aprobada",A15&"-"&C15&" (aprobar); ","")&IF(Datos!A7<>"Aprobada",A17&"-"&C17&" (aprobar); ",""))) -> 11-Química Inorgánica (cursar); 12-Análisis Matemático II (cursar); 13-Física II (cursar); 4-Análisis Matemático I (aprobar); 6-Química (aprobar); | J29: 4
A30: 18 | B30: III | C30: Matemática Superior Aplicada | D30: 12 | E30: 3, 4 | F30: No Cursada | G30: =IF(Finales!E23="","",Finales!E23) | H30: =IF(F30="Aprobada","✅ Aprobada",IF(F30="Regular","🔄 Regular",IF(F30="Cursando","📖 Cursando",IF(AND(OR(Datos!A13="Regular",Datos!A13="Aprobada"),Datos!A4="Aprobada",Datos!A5="Aprobada"),"✅ Disponible","❌ No Disponible")))) -> ❌ No Disponible | I30: =IF(OR(F30="Aprobada",F30="Regular"),"-",IF(H30="✅ Disponible","Sin faltantes",IF(AND(Datos!A13<>"Regular",Datos!A13<>"Aprobada"),A23&"-"&C23&" (cursar); ","")&IF(Datos!A4<>"Aprobada",A14&"-"&C14&" (aprobar); ","")&IF(Datos!A5<>"Aprobada",A15&"-"&C15&" (aprobar); ",""))) -> 12-Análisis Matemático II (cursar); 3-Álgebra y Geometría Analítica (aprobar); 4-Análisis Matemático I (aprobar); | J30: 3
A31: 19 | B31: III | C31: Ciencia de los Materiales | D31: 9, 11, 14 | E31: 1, 6 | F31: No Cursada | G31: =IF(Finales!E24="","",Finales!E24) | H31: =IF(F31="Aprobada","✅ Aprobada",IF(F31="Regular","🔄 Regular",IF(F31="Cursando","📖 Cursando",IF(AND(OR(Datos!A10="Regular",Datos!A10="Aprobada"),OR(Datos!A12="Regular",Datos!A12="Aprobada"),OR(Datos!A15="Regular",Datos!A15="Aprobada"),Datos!A2="Aprobada",Datos!A7="Aprobada"),"✅ Disponible","❌ No Disponible")))) -> ❌ No Disponible | I31: =IF(OR(F31="Aprobada",F31="Regular"),"-",IF(H31="✅ Disponible","Sin faltantes",IF(AND(Datos!A10<>"Regular",Datos!A10<>"Aprobada"),A20&"-"&C20&" (cursar); ","")&IF(AND(Datos!A12<>"Regular",Datos!A12<>"Aprobada"),A22&"-"&C22&" (cursar); ","")&IF(AND(Datos!A15<>"Regular",Datos!A15<>"Aprobada"),A25&"-"&C25&" (cursar); ","")&IF(Datos!A2<>"Aprobada",A12&"-"&C12&" (aprobar); ","")&IF(Datos!A7<>"Aprobada",A17&"-"&C17&" (aprobar); ",""))) -> 9-Introducción a Equipos y Procesos (cursar); 11-Química Inorgánica (cursar); 14-Química Orgánica (cursar); 1-Introducción a la Ingeniería Química (aprobar); 6-Química (aprobar); | J31: 2
A32: 20 | B32: III | C32: Fisicoquímica | D32: 9, 12, 13 | E32: 3, 4, 6 | F32: No Cursada | G32: =IF(Finales!E25="","",Finales!E25) | H32: =IF(F32="Aprobada","✅ Aprobada",IF(F32="Regular","🔄 Regular",IF(F32="Cursando","📖 Cursando",IF(AND(OR(Datos!A10="Regular",Datos!A10="Aprobada"),OR(Datos!A13="Regular",Datos!A13="Aprobada"),OR(Datos!A14="Regular",Datos!A14="Aprobada"),Datos!A4="Aprobada",Datos!A5="Aprobada",Datos!A7="Aprobada"),"✅ Disponible","❌ No Disponible")))) -> ❌ No Disponible | I32: =IF(OR(F32="Aprobada",F32="Regular"),"-",IF(H32="✅ Disponible","Sin faltantes",IF(AND(Datos!A10<>"Regular",Datos!A10<>"Aprobada"),A20&"-"&C20&" (cursar); ","")&IF(AND(Datos!A13<>"Regular",Datos!A13<>"Aprobada"),A23&"-"&C23&" (cursar); ","")&IF(AND(Datos!A14<>"Regular",Datos!A14<>"Aprobada"),A24&"-"&C24&" (cursar); ","")&IF(Datos!A4<>"Aprobada",A14&"-"&C14&" (aprobar); ","")&IF(Datos!A5<>"Aprobada",A15&"-"&C15&" (aprobar); ","")&IF(Datos!A7<>"Aprobada",A17&"-"&C17&" (aprobar); ",""))) -> 9-Introducción a Equipos y Procesos (cursar); 12-Análisis Matemático II (cursar); 13-Física II (cursar); 3-Álgebra y Geometría Analítica (aprobar); 4-Análisis Matemático I (aprobar); 6-Química (aprobar); | J32: 4
A33: 21 | B33: III | C33: Fenómenos de Transporte | D33: 9, 12, 13 | E33: 3, 4, 6 | F33: No Cursada | G33: =IF(Finales!E26="","",Finales!E26) | H33: =IF(F33="Aprobada","✅ Aprobada",IF(F33="Regular","🔄 Regular",IF(F33="Cursando","📖 Cursando",IF(AND(OR(Datos!A10="Regular",Datos!A10="Aprobada"),OR(Datos!A13="Regular",Datos!A13="Aprobada"),OR(Datos!A14="Regular",Datos!A14="Aprobada"),Datos!A4="Aprobada",Datos!A5="Aprobada",Datos!A7="Aprobada"),"✅ Disponible","❌ No Disponible")))) -> ❌ No Disponible | I33: =IF(OR(F33="Aprobada",F33="Regular"),"-",IF(H33="✅ Disponible","Sin faltantes",IF(AND(Datos!A10<>"Regular",Datos!A10<>"Aprobada"),A20&"-"&C20&" (cursar); ","")&IF(AND(Datos!A13<>"Regular",Datos!A13<>"Aprobada"),A23&"-"&C23&" (cursar); ","")&IF(AND(Datos!A14<>"Regular",Datos!A14<>"Aprobada"),A24&"-"&C24&" (cursar); ","")&IF(Datos!A4<>"Aprobada",A14&"-"&C14&" (aprobar); ","")&IF(Datos!A5<>"Aprobada",A15&"-"&C15&" (aprobar); ","")&IF(Datos!A7<>"Aprobada",A17&"-"&C17&" (aprobar); ",""))) -> 9-Introducción a Equipos y Procesos (cursar); 12-Análisis Matemático II (cursar); 13-Física II (cursar); 3-Álgebra y Geometría Analítica (aprobar); 4-Análisis Matemático I (aprobar); 6-Química (aprobar); | J33: 5
A34: 22 | B34: III | C34: Química Analítica | D34: 10, 11, 14 | E34: 2, 6 | F34: No Cursada | G34: =IF(Finales!E27="","",Finales!E27) | H34: =IF(F34="Aprobada","✅ Aprobada",IF(F34="Regular","🔄 Regular",IF(F34="Cursando","📖 Cursando",IF(AND(OR(Datos!A11="Regular",Datos!A11="Aprobada"),OR(Datos!A12="Regular",Datos!A12="Aprobada"),OR(Datos!A15="Regular",Datos!A15="Aprobada"),Datos!A3="Aprobada",Datos!A7="Aprobada"),"✅ Disponible","❌ No Disponible")))) -> ❌ No Disponible | I34: =IF(OR(F34="Aprobada",F34="Regular"),"-",IF(H34="✅ Disponible","Sin faltantes",IF(AND(Datos!A11<>"Regular",Datos!A11<>"Aprobada"),A21&"-"&C21&" (cursar); ","")&IF(AND(Datos!A12<>"Regular",Datos!A12<>"Aprobada"),A22&"-"&C22&" (cursar); ","")&IF(AND(Datos!A15<>"Regular",Datos!A15<>"Aprobada"),A25&"-"&C25&" (cursar); ","")&IF(Datos!A3<>"Aprobada",A13&"-"&C13&" (aprobar); ","")&IF(Datos!A7<>"Aprobada",A17&"-"&C17&" (aprobar); ",""))) -> 10-Probabilidad y Estadística (cursar); 11-Química Inorgánica (cursar); 14-Química Orgánica (cursar); 2-Ingeniería y Sociedad (aprobar); 6-Química (aprobar); | J34: 4
A35: 23 | B35: III | C35: Microbiología y Química Biológica | D35: 11, 14 | E35: 6 | F35: No Cursada | G35: =IF(Finales!E28="","",Finales!E28) | H35: =IF(F35="Aprobada","✅ Aprobada",IF(F35="Regular","🔄 Regular",IF(F35="Cursando","📖 Cursando",IF(AND(OR(Datos!A12="Regular",Datos!A12="Aprobada"),OR(Datos!A15="Regular",Datos!A15="Aprobada"),Datos!A7="Aprobada"),"✅ Disponible","❌ No Disponible")))) -> ❌ No Disponible | I35: =IF(OR(F35="Aprobada",F35="Regular"),"-",IF(H35="✅ Disponible","Sin faltantes",IF(AND(Datos!A12<>"Regular",Datos!A12<>"Aprobada"),A22&"-"&C22&" (cursar); ","")&IF(AND(Datos!A15<>"Regular",Datos!A15<>"Aprobada"),A25&"-"&C25&" (cursar); ","")&IF(Datos!A7<>"Aprobada",A17&"-"&C17&" (aprobar); ",""))) -> 11-Química Inorgánica (cursar); 14-Química Orgánica (cursar); 6-Química (aprobar); | J35: 3
A36: 24 | B36: III | C36: Química Aplicada | D36: 9, 11, 13, 14 | E36: 1, 2, 6, 40 | F36: No Cursada | G36: =IF(Finales!E29="","",Finales!E29) | H36: =IF(F36="Aprobada","✅ Aprobada",IF(F36="Regular","🔄 Regular",IF(F36="Cursando","📖 Cursando",IF(AND(OR(Datos!A10="Regular",Datos!A10="Aprobada"),OR(Datos!A12="Regular",Datos!A12="Aprobada"),OR(Datos!A14="Regular",Datos!A14="Aprobada"),OR(Datos!A15="Regular",Datos!A15="Aprobada"),Datos!A2="Aprobada",Datos!A3="Aprobada",Datos!A7="Aprobada",Datos!A17="Aprobada"),"✅ Disponible","❌ No Disponible")))) -> ❌ No Disponible | I36: =IF(OR(F36="Aprobada",F36="Regular"),"-",IF(H36="✅ Disponible","Sin faltantes",IF(AND(Datos!A10<>"Regular",Datos!A10<>"Aprobada"),A20&"-"&C20&" (cursar); ","")&IF(AND(Datos!A12<>"Regular",Datos!A12<>"Aprobada"),A22&"-"&C22&" (cursar); ","")&IF(AND(Datos!A14<>"Regular",Datos!A14<>"Aprobada"),A24&"-"&C24&" (cursar); ","")&IF(AND(Datos!A15<>"Regular",Datos!A15<>"Aprobada"),A25&"-"&C25&" (cursar); ","")&IF(Datos!A2<>"Aprobada",A12&"-"&C12&" (aprobar); ","")&IF(Datos!A3<>"Aprobada",A13&"-"&C13&" (aprobar); ","")&IF(Datos!A7<>"Aprobada",A17&"-"&C17&" (aprobar); ","")&IF(Datos!A17<>"Aprobada",A27&"-"&C27&" (aprobar); ",""))) -> 9-Introducción a Equipos y Procesos (cursar); 11-Química Inorgánica (cursar); 13-Física II (cursar); 14-Química Orgánica (cursar); 1-Introducción a la Ingeniería Química (aprobar); 2-Ingeniería y Sociedad (aprobar); 6-Química (aprobar); 40-Inglés I (aprobar); | J36: 2
A37: 41 | B37: III | C37: Inglés II | D37: 40 | E37: - | F37: No Cursada | G37: =IF(Finales!E30="","",Finales!E30) | H37: =IF(F37="Aprobada","✅ Aprobada",IF(F37="Regular","🔄 Regular",IF(F37="Cursando","📖 Cursando",IF(AND(OR(Datos!A17="Regular",Datos!A17="Aprobada")),"✅ Disponible","❌ No Disponible")))) -> ❌ No Disponible | I37: =IF(OR(F37="Aprobada",F37="Regular"),"-",IF(H37="✅ Disponible","Sin faltantes",IF(AND(Datos!A17<>"Regular",Datos!A17<>"Aprobada"),A27&"-"&C27&" (cursar); ",""))) -> 40-Inglés I (cursar); | J37: 2
A38: 25 | B38: IV | C38: Diseño, simulación, optimización y seguridad | D38: 16, 18 | E38: 7, 8, 9, 12, 41 | F38: No Cursada | G38: =IF(Finales!E31="","",Finales!E31) | H38: =IF(F38="Aprobada","✅ Aprobada",IF(F38="Regular","🔄 Regular",IF(F38="Cursando","📖 Cursando",IF(AND(OR(Datos!A18="Regular",Datos!A18="Aprobada"),OR(Datos!A20="Regular",Datos!A20="Aprobada"),Datos!A8="Aprobada",Datos!A9="Aprobada",Datos!A10="Aprobada",Datos!A13="Aprobada",Datos!A27="Aprobada"),"✅ Disponible","❌ No Disponible")))) -> ❌ No Disponible | I38: =IF(OR(F38="Aprobada",F38="Regular"),"-",IF(H38="✅ Disponible","Sin faltantes",IF(AND(Datos!A18<>"Regular",Datos!A18<>"Aprobada"),A28&"-"&C28&" (cursar); ","")&IF(AND(Datos!A20<>"Regular",Datos!A20<>"Aprobada"),A30&"-"&C30&" (cursar); ","")&IF(Datos!A8<>"Aprobada",A18&"-"&C18&" (aprobar); ","")&IF(Datos!A9<>"Aprobada",A19&"-"&C19&" (aprobar); ","")&IF(Datos!A10<>"Aprobada",A20&"-"&C20&" (aprobar); ","")&IF(Datos!A13<>"Aprobada",A23&"-"&C23&" (aprobar); ","")&IF(Datos!A27<>"Aprobada",A37&"-"&C37&" (aprobar); ",""))) -> 16-Balances de Masa y Energía (cursar); 18-Matemática Superior Aplicada (cursar); 7-Sistemas de Representación (aprobar); 8-Fundamentos de Informática (aprobar); 9-Introducción a Equipos y Procesos (aprobar); 12-Análisis Matemático II (aprobar); 41-Inglés II (aprobar); | J38: 4
A39: 26 | B39: IV | C39: Operaciones Unitarias I | D39: 16, 17, 21 | E39: 9, 12, 13 | F39: No Cursada | G39: =IF(Finales!E32="","",Finales!E32) | H39: =IF(F39="Aprobada","✅ Aprobada",IF(F39="Regular","🔄 Regular",IF(F39="Cursando","📖 Cursando",IF(AND(OR(Datos!A18="Regular",Datos!A18="Aprobada"),OR(Datos!A19="Regular",Datos!A19="Aprobada"),OR(Datos!A23="Regular",Datos!A23="Aprobada"),Datos!A10="Aprobada",Datos!A13="Aprobada",Datos!A14="Aprobada"),"✅ Disponible","❌ No Disponible")))) -> ❌ No Disponible | I39: =IF(OR(F39="Aprobada",F39="Regular"),"-",IF(H39="✅ Disponible","Sin faltantes",IF(AND(Datos!A18<>"Regular",Datos!A18<>"Aprobada"),A28&"-"&C28&" (cursar); ","")&IF(AND(Datos!A19<>"Regular",Datos!A19<>"Aprobada"),A29&"-"&C29&" (cursar); ","")&IF(AND(Datos!A23<>"Regular",Datos!A23<>"Aprobada"),A33&"-"&C33&" (cursar); ","")&IF(Datos!A10<>"Aprobada",A20&"-"&C20&" (aprobar); ","")&IF(Datos!A13<>"Aprobada",A23&"-"&C23&" (aprobar); ","")&IF(Datos!A14<>"Aprobada",A24&"-"&C24&" (aprobar); ",""))) -> 16-Balances de Masa y Energía (cursar); 17-Termodinámica (cursar); 21-Fenómenos de Transporte (cursar); 9-Introducción a Equipos y Procesos (aprobar); 12-Análisis Matemático II (aprobar); 13-Física II (aprobar); | J39: 5
A40: 27 | B40: IV | C40: Tecnología de la Energía Térmica | D40: 16, 17, 20, 21 | E40: 9, 12, 13 | F40: No Cursada | G40: =IF(Finales!E33="","",Finales!E33) | H40: =IF(F40="Aprobada","✅ Aprobada",IF(F40="Regular","🔄 Regular",IF(F40="Cursando","📖 Cursando",IF(AND(OR(Datos!A18="Regular",Datos!A18="Aprobada"),OR(Datos!A19="Regular",Datos!A19="Aprobada"),OR(Datos!A22="Regular",Datos!A22="Aprobada"),OR(Datos!A23="Regular",Datos!A23="Aprobada"),Datos!A10="Aprobada",Datos!A13="Aprobada",Datos!A14="Aprobada"),"✅ Disponible","❌ No Disponible")))) -> ❌ No Disponible | I40: =IF(OR(F40="Aprobada",F40="Regular"),"-",IF(H40="✅ Disponible","Sin faltantes",IF(AND(Datos!A18<>"Regular",Datos!A18<>"Aprobada"),A28&"-"&C28&" (cursar); ","")&IF(AND(Datos!A19<>"Regular",Datos!A19<>"Aprobada"),A29&"-"&C29&" (cursar); ","")&IF(AND(Datos!A22<>"Regular",Datos!A22<>"Aprobada"),A32&"-"&C32&" (cursar); ","")&IF(AND(Datos!A23<>"Regular",Datos!A23<>"Aprobada"),A33&"-"&C33&" (cursar); ","")&IF(Datos!A10<>"Aprobada",A20&"-"&C20&" (aprobar); ","")&IF(Datos!A13<>"Aprobada",A23&"-"&C23&" (aprobar); ","")&IF(Datos!A14<>"Aprobada",A24&"-"&C24&" (aprobar); ",""))) -> 16-Balances de Masa y Energía (cursar); 17-Termodinámica (cursar); 20-Fisicoquímica (cursar); 21-Fenómenos de Transporte (cursar); 9-Introducción a Equipos y Procesos (aprobar); 12-Análisis Matemático II (aprobar); 13-Física II (aprobar); | J40: 5
A41: 28 | B41: IV | C41: Economía | D41: 9 | E41: 2, 3 | F41: No Cursada | G41: =IF(Finales!E34="","",Finales!E34) | H41: =IF(F41="Aprobada","✅ Aprobada",IF(F41="Regular","🔄 Regular",IF(F41="Cursando","📖 Cursando",IF(AND(OR(Datos!A10="Regular",Datos!A10="Aprobada"),Datos!A3="Aprobada",Datos!A4="Aprobada"),"✅ Disponible","❌ No Disponible")))) -> ❌ No Disponible | I41: =IF(OR(F41="Aprobada",F41="Regular"),"-",IF(H41="✅ Disponible","Sin faltantes",IF(AND(Datos!A10<>"Regular",Datos!A10<>"Aprobada"),A20&"-"&C20&" (cursar); ","")&IF(Datos!A3<>"Aprobada",A13&"-"&C13&" (aprobar); ","")&IF(Datos!A4<>"Aprobada",A14&"-"&C14&" (aprobar); ",""))) -> 9-Introducción a Equipos y Procesos (cursar); 2-Ingeniería y Sociedad (aprobar); 3-Álgebra y Geometría Analítica (aprobar); | J41: 3
A42: 29 | B42: IV | C42: Operaciones Unitarias II | D42: 17, 20, 21 | E42: 9, 12, 13, 14 | F42: No Cursada | G42: =IF(Finales!E35="","",Finales!E35) | H42: =IF(F42="Aprobada","✅ Aprobada",IF(F42="Regular","🔄 Regular",IF(F42="Cursando","📖 Cursando",IF(AND(OR(Datos!A19="Regular",Datos!A19="Aprobada"),OR(Datos!A22="Regular",Datos!A22="Aprobada"),OR(Datos!A23="Regular",Datos!A23="Aprobada"),Datos!A10="Aprobada",Datos!A13="Aprobada",Datos!A14="Aprobada",Datos!A15="Aprobada"),"✅ Disponible","❌ No Disponible")))) -> ❌ No Disponible | I42: =IF(OR(F42="Aprobada",F42="Regular"),"-",IF(H42="✅ Disponible","Sin faltantes",IF(AND(Datos!A19<>"Regular",Datos!A19<>"Aprobada"),A29&"-"&C29&" (cursar); ","")&IF(AND(Datos!A22<>"Regular",Datos!A22<>"Aprobada"),A32&"-"&C32&" (cursar); ","")&IF(AND(Datos!A23<>"Regular",Datos!A23<>"Aprobada"),A33&"-"&C33&" (cursar); ","")&IF(Datos!A10<>"Aprobada",A20&"-"&C20&" (aprobar); ","")&IF(Datos!A13<>"Aprobada",A23&"-"&C23&" (aprobar); ","")&IF(Datos!A14<>"Aprobada",A24&"-"&C24&" (aprobar); ","")&IF(Datos!A15<>"Aprobada",A25&"-"&C25&" (aprobar); ",""))) -> 17-Termodinámica (cursar); 20-Fisicoquímica (cursar); 21-Fenómenos de Transporte (cursar); 9-Introducción a Equipos y Procesos (aprobar); 12-Análisis Matemático II (aprobar); 13-Física II (aprobar); 14-Química Orgánica (aprobar); | J42: 5
A43: 30 | B43: IV | C43: Ingeniería de las Reacciones Químicas | D43: 16, 17, 20, 21 | E43: 11, 12, 14 | F43: No Cursada | G43: =IF(Finales!E36="","",Finales!E36) | H43: =IF(F43="Aprobada","✅ Aprobada",IF(F43="Regular","🔄 Regular",IF(F43="Cursando","📖 Cursando",IF(AND(OR(Datos!A18="Regular",Datos!A18="Aprobada"),OR(Datos!A19="Regular",Datos!A19="Aprobada"),OR(Datos!A22="Regular",Datos!A22="Aprobada"),OR(Datos!A23="Regular",Datos!A23="Aprobada"),Datos!A12="Aprobada",Datos!A13="Aprobada",Datos!A15="Aprobada"),"✅ Disponible","❌ No Disponible")))) -> ❌ No Disponible | I43: =IF(OR(F43="Aprobada",F43="Regular"),"-",IF(H43="✅ Disponible","Sin faltantes",IF(AND(Datos!A18<>"Regular",Datos!A18<>"Aprobada"),A28&"-"&C28&" (cursar); ","")&IF(AND(Datos!A19<>"Regular",Datos!A19<>"Aprobada"),A29&"-"&C29&" (cursar); ","")&IF(AND(Datos!A22<>"Regular",Datos!A22<>"Aprobada"),A32&"-"&C32&" (cursar); ","")&IF(AND(Datos!A23<>"Regular",Datos!A23<>"Aprobada"),A33&"-"&C33&" (cursar); ","")&IF(Datos!A12<>"Aprobada",A22&"-"&C22&" (aprobar); ","")&IF(Datos!A13<>"Aprobada",A23&"-"&C23&" (aprobar); ","")&IF(Datos!A15<>"Aprobada",A25&"-"&C25&" (aprobar); ",""))) -> 16-Balances de Masa y Energía (cursar); 17-Termodinámica (cursar); 20-Fisicoquímica (cursar); 21-Fenómenos de Transporte (cursar); 11-Química Inorgánica (aprobar); 12-Análisis Matemático II (aprobar); 14-Química Orgánica (aprobar); | J43: 5
A44: 31 | B44: IV | C44: Calidad y Control Estadístico de Procesos | D44: 10 | E44: 4 | F44: No Cursada | G44: =IF(Finales!E37="","",Finales!E37) | H44: =IF(F44="Aprobada","✅ Aprobada",IF(F44="Regular","🔄 Regular",IF(F44="Cursando","📖 Cursando",IF(AND(OR(Datos!A11="Regular",Datos!A11="Aprobada"),Datos!A5="Aprobada"),"✅ Disponible","❌ No Disponible")))) -> ❌ No Disponible | I44: =IF(OR(F44="Aprobada",F44="Regular"),"-",IF(H44="✅ Disponible","Sin faltantes",IF(AND(Datos!A11<>"Regular",Datos!A11<>"Aprobada"),A21&"-"&C21&" (cursar); ","")&IF(Datos!A5<>"Aprobada",A15&"-"&C15&" (aprobar); ",""))) -> 10-Probabilidad y Estadística (cursar); 4-Análisis Matemático I (aprobar); | J44: 3
A45: 32 | B45: IV | C45: Organización Industrial | D45: 10 | E45: 2, 9, 15 | F45: No Cursada | G45: =IF(Finales!E38="","",Finales!E38) | H45: =IF(F45="Aprobada","✅ Aprobada",IF(F45="Regular","🔄 Regular",IF(F45="Cursando","📖 Cursando",IF(AND(OR(Datos!A11="Regular",Datos!A11="Aprobada"),Datos!A3="Aprobada",Datos!A10="Aprobada",Datos!A16="Aprobada"),"✅ Disponible","❌ No Disponible")))) -> ❌ No Disponible | I45: =IF(OR(F45="Aprobada",F45="Regular"),"-",IF(H45="✅ Disponible","Sin faltantes",IF(AND(Datos!A11<>"Regular",Datos!A11<>"Aprobada"),A21&"-"&C21&" (cursar); ","")&IF(Datos!A3<>"Aprobada",A13&"-"&C13&" (aprobar); ","")&IF(Datos!A10<>"Aprobada",A20&"-"&C20&" (aprobar); ","")&IF(Datos!A16<>"Aprobada",A26&"-"&C26&" (aprobar); ",""))) -> 10-Probabilidad y Estadística (cursar); 2-Ingeniería y Sociedad (aprobar); 9-Introducción a Equipos y Procesos (aprobar); 15-Legislación (aprobar); | J45: 3
A46: 33 | B46: V | C46: Control Automático de Procesos | D46: 25, 29 | E46: 16, 18, 22 | F46: No Cursada | G46: =IF(Finales!E39="","",Finales!E39) | H46: =IF(F46="Aprobada","✅ Aprobada",IF(F46="Regular","🔄 Regular",IF(F46="Cursando","📖 Cursando",IF(AND(OR(Datos!A28="Regular",Datos!A28="Aprobada"),OR(Datos!A32="Regular",Datos!A32="Aprobada"),Datos!A18="Aprobada",Datos!A20="Aprobada",Datos!A24="Aprobada"),"✅ Disponible","❌ No Disponible")))) -> ❌ No Disponible | I46: =IF(OR(F46="Aprobada",F46="Regular"),"-",IF(H46="✅ Disponible","Sin faltantes",IF(AND(Datos!A28<>"Regular",Datos!A28<>"Aprobada"),A38&"-"&C38&" (cursar); ","")&IF(AND(Datos!A32<>"Regular",Datos!A32<>"Aprobada"),A42&"-"&C42&" (cursar); ","")&IF(Datos!A18<>"Aprobada",A28&"-"&C28&" (aprobar); ","")&IF(Datos!A20<>"Aprobada",A30&"-"&C30&" (aprobar); ","")&IF(Datos!A24<>"Aprobada",A34&"-"&C34&" (aprobar); ",""))) -> 25-Diseño, simulación, optimización y seguridad (cursar); 29-Operaciones Unitarias II (cursar); 16-Balances de Masa y Energía (aprobar); 18-Matemática Superior Aplicada (aprobar); 22-Química Analítica (aprobar); | J46: 4
A47: 34 | B47: V | C47: Mecánica Industrial | D47: 9, 20 | E47: 5, 11, 19 | F47: No Cursada | G47: =IF(Finales!E40="","",Finales!E40) | H47: =IF(F47="Aprobada","✅ Aprobada",IF(F47="Regular","🔄 Regular",IF(F47="Cursando","📖 Cursando",IF(AND(OR(Datos!A10="Regular",Datos!A10="Aprobada"),OR(Datos!A22="Regular",Datos!A22="Aprobada"),Datos!A6="Aprobada",Datos!A12="Aprobada",Datos!A21="Aprobada"),"✅ Disponible","❌ No Disponible")))) -> ❌ No Disponible | I47: =IF(OR(F47="Aprobada",F47="Regular"),"-",IF(H47="✅ Disponible","Sin faltantes",IF(AND(Datos!A10<>"Regular",Datos!A10<>"Aprobada"),A20&"-"&C20&" (cursar); ","")&IF(AND(Datos!A22<>"Regular",Datos!A22<>"Aprobada"),A32&"-"&C32&" (cursar); ","")&IF(Datos!A6<>"Aprobada",A16&"-"&C16&" (aprobar); ","")&IF(Datos!A12<>"Aprobada",A22&"-"&C22&" (aprobar); ","")&IF(Datos!A21<>"Aprobada",A31&"-"&C31&" (aprobar); ",""))) -> 9-Introducción a Equipos y Procesos (cursar); 20-Fisicoquímica (cursar); 5-Física I (aprobar); 11-Química Inorgánica (aprobar); 19-Ciencia de los Materiales (aprobar); | J47: 3
A48: 35 | B48: V | C48: Ingeniería Ambiental | D48: 24, 26, 29, 30 | E48: 15, 16, 22 | F48: No Cursada | G48: =IF(Finales!E41="","",Finales!E41) | H48: =IF(F48="Aprobada","✅ Aprobada",IF(F48="Regular","🔄 Regular",IF(F48="Cursando","📖 Cursando",IF(AND(OR(Datos!A26="Regular",Datos!A26="Aprobada"),OR(Datos!A29="Regular",Datos!A29="Aprobada"),OR(Datos!A32="Regular",Datos!A32="Aprobada"),OR(Datos!A33="Regular",Datos!A33="Aprobada"),Datos!A16="Aprobada",Datos!A18="Aprobada",Datos!A24="Aprobada"),"✅ Disponible","❌ No Disponible")))) -> ❌ No Disponible | I48: =IF(OR(F48="Aprobada",F48="Regular"),"-",IF(H48="✅ Disponible","Sin faltantes",IF(AND(Datos!A26<>"Regular",Datos!A26<>"Aprobada"),A36&"-"&C36&" (cursar); ","")&IF(AND(Datos!A29<>"Regular",Datos!A29<>"Aprobada"),A39&"-"&C39&" (cursar); ","")&IF(AND(Datos!A32<>"Regular",Datos!A32<>"Aprobada"),A42&"-"&C42&" (cursar); ","")&IF(AND(Datos!A33<>"Regular",Datos!A33<>"Aprobada"),A43&"-"&C43&" (cursar); ","")&IF(Datos!A16<>"Aprobada",A26&"-"&C26&" (aprobar); ","")&IF(Datos!A18<>"Aprobada",A28&"-"&C28&" (aprobar); ","")&IF(Datos!A24<>"Aprobada",A34&"-"&C34&" (aprobar); ",""))) -> 24-Química Aplicada (cursar); 26-Operaciones Unitarias I (cursar); 29-Operaciones Unitarias II (cursar); 30-Ingeniería de las Reacciones Químicas (cursar); 15-Legislación (aprobar); 16-Balances de Masa y Energía (aprobar); 22-Química Analítica (aprobar); | J48: 3
A49: 36 | B49: V | C49: Procesos Biotecnológicos | D49: 16, 20, 21, 23 | E49: 9, 11, 14 | F49: No Cursada | G49: =IF(Finales!E42="","",Finales!E42) | H49: =IF(F49="Aprobada","✅ Aprobada",IF(F49="Regular","🔄 Regular",IF(F49="Cursando","📖 Cursando",IF(AND(OR(Datos!A18="Regular",Datos!A18="Aprobada"),OR(Datos!A22="Regular",Datos!A22="Aprobada"),OR(Datos!A23="Regular",Datos!A23="Aprobada"),OR(Datos!A25="Regular",Datos!A25="Aprobada"),Datos!A10="Aprobada",Datos!A12="Aprobada",Datos!A15="Aprobada"),"✅ Disponible","❌ No Disponible")))) -> ❌ No Disponible | I49: =IF(OR(F49="Aprobada",F49="Regular"),"-",IF(H49="✅ Disponible","Sin faltantes",IF(AND(Datos!A18<>"Regular",Datos!A18<>"Aprobada"),A28&"-"&C28&" (cursar); ","")&IF(AND(Datos!A22<>"Regular",Datos!A22<>"Aprobada"),A32&"-"&C32&" (cursar); ","")&IF(AND(Datos!A23<>"Regular",Datos!A23<>"Aprobada"),A33&"-"&C33&" (cursar); ","")&IF(AND(Datos!A25<>"Regular",Datos!A25<>"Aprobada"),A35&"-"&C35&" (cursar); ","")&IF(Datos!A10<>"Aprobada",A20&"-"&C20&" (aprobar); ","")&IF(Datos!A12<>"Aprobada",A22&"-"&C22&" (aprobar); ","")&IF(Datos!A15<>"Aprobada",A25&"-"&C25&" (aprobar); ",""))) -> 16-Balances de Masa y Energía (cursar); 20-Fisicoquímica (cursar); 21-Fenómenos de Transporte (cursar); 23-Microbiología y Química Biológica (cursar); 9-Introducción a Equipos y Procesos (aprobar); 11-Química Inorgánica (aprobar); 14-Química Orgánica (aprobar); | J49: 3
A50: 37 | B50: V | C50: Higiene y Seguridad en el Trabajo | D50: 11, 14, 16 | E50: 9 | F50: No Cursada | G50: =IF(Finales!E43="","",Finales!E43) | H50: =IF(F50="Aprobada","✅ Aprobada",IF(F50="Regular","🔄 Regular",IF(F50="Cursando","📖 Cursando",IF(AND(OR(Datos!A12="Regular",Datos!A12="Aprobada"),OR(Datos!A15="Regular",Datos!A15="Aprobada"),OR(Datos!A18="Regular",Datos!A18="Aprobada"),Datos!A10="Aprobada"),"✅ Disponible","❌ No Disponible")))) -> ❌ No Disponible | I50: =IF(OR(F50="Aprobada",F50="Regular"),"-",IF(H50="✅ Disponible","Sin faltantes",IF(AND(Datos!A12<>"Regular",Datos!A12<>"Aprobada"),A22&"-"&C22&" (cursar); ","")&IF(AND(Datos!A15<>"Regular",Datos!A15<>"Aprobada"),A25&"-"&C25&" (cursar); ","")&IF(AND(Datos!A18<>"Regular",Datos!A18<>"Aprobada"),A28&"-"&C28&" (cursar); ","")&IF(Datos!A10<>"Aprobada",A20&"-"&C20&" (aprobar); ",""))) -> 11-Química Inorgánica (cursar); 14-Química Orgánica (cursar); 16-Balances de Masa y Energía (cursar); 9-Introducción a Equipos y Procesos (aprobar); | J50: 2
A51: 38 | B51: V | C51: Máquinas e Instalaciones Eléctricas | D51: 26 | E51: 9, 13 | F51: No Cursada | G51: =IF(Finales!E44="","",Finales!E44) | H51: =IF(F51="Aprobada","✅ Aprobada",IF(F51="Regular","🔄 Regular",IF(F51="Cursando","📖 Cursando",IF(AND(OR(Datos!A29="Regular",Datos!A29="Aprobada"),Datos!A10="Aprobada",Datos!A14="Aprobada"),"✅ Disponible","❌ No Disponible")))) -> ❌ No Disponible | I51: =IF(OR(F51="Aprobada",F51="Regular"),"-",IF(H51="✅ Disponible","Sin faltantes",IF(AND(Datos!A29<>"Regular",Datos!A29<>"Aprobada"),A39&"-"&C39&" (cursar); ","")&IF(Datos!A10<>"Aprobada",A20&"-"&C20&" (aprobar); ","")&IF(Datos!A14<>"Aprobada",A24&"-"&C24&" (aprobar); ",""))) -> 26-Operaciones Unitarias I (cursar); 9-Introducción a Equipos y Procesos (aprobar); 13-Física II (aprobar); | J51: 2
A52: 39 | B52: V | C52: Proyecto Final | D52: 25, 26, 27, 29, 30, 32 | E52: 16, 20, 21, 24, 28 | F52: No Cursada | G52: =IF(Finales!E45="","",Finales!E45) | H52: =IF(F52="Aprobada","✅ Aprobada",IF(F52="Regular","🔄 Regular",IF(F52="Cursando","📖 Cursando",IF(AND(OR(Datos!A28="Regular",Datos!A28="Aprobada"),OR(Datos!A29="Regular",Datos!A29="Aprobada"),OR(Datos!A30="Regular",Datos!A30="Aprobada"),OR(Datos!A32="Regular",Datos!A32="Aprobada"),OR(Datos!A33="Regular",Datos!A33="Aprobada"),OR(Datos!A35="Regular",Datos!A35="Aprobada"),Datos!A18="Aprobada",Datos!A22="Aprobada",Datos!A23="Aprobada",Datos!A26="Aprobada",Datos!A31="Aprobada"),"✅ Disponible","❌ No Disponible")))) -> ❌ No Disponible | I52: =IF(OR(F52="Aprobada",F52="Regular"),"-",IF(H52="✅ Disponible","Sin faltantes",IF(AND(Datos!A28<>"Regular",Datos!A28<>"Aprobada"),A38&"-"&C38&" (cursar); ","")&IF(AND(Datos!A29<>"Regular",Datos!A29<>"Aprobada"),A39&"-"&C39&" (cursar); ","")&IF(AND(Datos!A30<>"Regular",Datos!A30<>"Aprobada"),A40&"-"&C40&" (cursar); ","")&IF(AND(Datos!A32<>"Regular",Datos!A32<>"Aprobada"),A42&"-"&C42&" (cursar); ","")&IF(AND(Datos!A33<>"Regular",Datos!A33<>"Aprobada"),A43&"-"&C43&" (cursar); ","")&IF(AND(Datos!A35<>"Regular",Datos!A35<>"Aprobada"),A45&"-"&C45&" (cursar); ","")&IF(Datos!A18<>"Aprobada",A28&"-"&C28&" (aprobar); ","")&IF(Datos!A22<>"Aprobada",A32&"-"&C32&" (aprobar); ","")&IF(Datos!A23<>"Aprobada",A33&"-"&C33&" (aprobar); ","")&IF(Datos!A26<>"Aprobada",A36&"-"&C36&" (aprobar); ","")&IF(Datos!A31<>"Aprobada",A41&"-"&C41&" (aprobar); ",""))) -> 25-Diseño, simulación, optimización y seguridad (cursar); 26-Operaciones Unitarias I (cursar); 27-Tecnología de la Energía Térmica (cursar); 29-Operaciones Unitarias II (cursar); 30-Ingeniería de las Reacciones Químicas (cursar); 32-Organización Industrial (cursar); 16-Balances de Masa y Energía (aprobar); 20-Fisicoquímica (aprobar); 21-Fenómenos de Transporte (aprobar); 24-Química Aplicada (aprobar); 28-Economía (aprobar); | J52: 4
A53: 42 | B53: X | C53: Comunicación Lingüística (Elect.) | D53: - | E53: - | F53: No Cursada | G53: =IF(Finales!E46="","",Finales!E46) | H53: =IF(F53="Aprobada","✅ Aprobada",IF(F53="Regular","🔄 Regular",IF(F53="Cursando","📖 Cursando","✅ Disponible"))) -> ✅ Disponible | I53: =IF(OR(F53="Aprobada",F53="Regular"),"-","Sin correlativas") -> Sin correlativas | J53: 6
A54: 43 | B54: X | C54: Prácticas de Laboratorio (Elect.) | D54: - | E54: - | F54: No Cursada | G54: =IF(Finales!E47="","",Finales!E47) | H54: =IF(F54="Aprobada","✅ Aprobada",IF(F54="Regular","🔄 Regular",IF(F54="Cursando","📖 Cursando","✅ Disponible"))) -> ✅ Disponible | I54: =IF(OR(F54="Aprobada",F54="Regular"),"-","Sin correlativas") -> Sin correlativas | J54: 5
A55: 44 | B55: X | C55: Formación de Emprendedores (Elect.) | D55: 25, 26, 27, 28, 29, 30, 31, 32 | E55: 28, 32 | F55: No Cursada | G55: =IF(Finales!E48="","",Finales!E48) | H55: =IF(F55="Aprobada","✅ Aprobada",IF(F55="Regular","🔄 Regular",IF(F55="Cursando","📖 Cursando",IF(AND(OR(Datos!A28="Regular",Datos!A28="Aprobada"),OR(Datos!A29="Regular",Datos!A29="Aprobada"),OR(Datos!A30="Regular",Datos!A30="Aprobada"),OR(Datos!A31="Regular",Datos!A31="Aprobada"),OR(Datos!A32="Regular",Datos!A32="Aprobada"),OR(Datos!A33="Regular",Datos!A33="Aprobada"),OR(Datos!A34="Regular",Datos!A34="Aprobada"),OR(Datos!A35="Regular",Datos!A35="Aprobada"),Datos!A31="Aprobada",Datos!A35="Aprobada"),"✅ Disponible","❌ No Disponible")))) -> ❌ No Disponible | I55: =IF(OR(F55="Aprobada",F55="Regular"),"-",IF(H55="✅ Disponible","Sin faltantes",IF(AND(Datos!A28<>"Regular",Datos!A28<>"Aprobada"),A38&"-"&C38&" (cursar); ","")&IF(AND(Datos!A29<>"Regular",Datos!A29<>"Aprobada"),A39&"-"&C39&" (cursar); ","")&IF(AND(Datos!A30<>"Regular",Datos!A30<>"Aprobada"),A40&"-"&C40&" (cursar); ","")&IF(AND(Datos!A31<>"Regular",Datos!A31<>"Aprobada"),A41&"-"&C41&" (cursar); ","")&IF(AND(Datos!A32<>"Regular",Datos!A32<>"Aprobada"),A42&"-"&C42&" (cursar); ","")&IF(AND(Datos!A33<>"Regular",Datos!A33<>"Aprobada"),A43&"-"&C43&" (cursar); ","")&IF(AND(Datos!A34<>"Regular",Datos!A34<>"Aprobada"),A44&"-"&C44&" (cursar); ","")&IF(AND(Datos!A35<>"Regular",Datos!A35<>"Aprobada"),A45&"-"&C45&" (cursar); ","")&IF(Datos!A31<>"Aprobada",A41&"-"&C41&" (aprobar); ","")&IF(Datos!A35<>"Aprobada",A45&"-"&C45&" (aprobar); ",""))) -> 25-Diseño, simulación, optimización y seguridad (cursar); 26-Operaciones Unitarias I (cursar); 27-Tecnología de la Energía Térmica (cursar); 28-Economía (cursar); 29-Operaciones Unitarias II (cursar); 30-Ingeniería de las Reacciones Químicas (cursar); 31-Calidad y Control Estadístico de Procesos (cursar); 32-Organización Industrial (cursar); 28-Economía (aprobar); 32-Organización Industrial (aprobar); | J55: 8
A56: 45 | B56: X | C56: Gestión de Recursos Humanos (Elect.) | D56: 25 | E56: 28, 32 | F56: No Cursada | G56: =IF(Finales!E49="","",Finales!E49) | H56: =IF(F56="Aprobada","✅ Aprobada",IF(F56="Regular","🔄 Regular",IF(F56="Cursando","📖 Cursando",IF(AND(OR(Datos!A28="Regular",Datos!A28="Aprobada"),Datos!A31="Aprobada",Datos!A35="Aprobada"),"✅ Disponible","❌ No Disponible")))) -> ❌ No Disponible | I56: =IF(OR(F56="Aprobada",F56="Regular"),"-",IF(H56="✅ Disponible","Sin faltantes",IF(AND(Datos!A28<>"Regular",Datos!A28<>"Aprobada"),A38&"-"&C38&" (cursar); ","")&IF(Datos!A31<>"Aprobada",A41&"-"&C41&" (aprobar); ","")&IF(Datos!A35<>"Aprobada",A45&"-"&C45&" (aprobar); ",""))) -> 25-Diseño, simulación, optimización y seguridad (cursar); 28-Economía (aprobar); 32-Organización Industrial (aprobar); | J56: 5
A57: 46 | B57: X | C57: Gestión de Residuos (Elect.) | D57: 9 | E57: 16 | F57: No Cursada | G57: =IF(Finales!E50="","",Finales!E50) | H57: =IF(F57="Aprobada","✅ Aprobada",IF(F57="Regular","🔄 Regular",IF(F57="Cursando","📖 Cursando",IF(AND(OR(Datos!A10="Regular",Datos!A10="Aprobada"),Datos!A18="Aprobada"),"✅ Disponible","❌ No Disponible")))) -> ❌ No Disponible | I57: =IF(OR(F57="Aprobada",F57="Regular"),"-",IF(H57="✅ Disponible","Sin faltantes",IF(AND(Datos!A10<>"Regular",Datos!A10<>"Aprobada"),A20&"-"&C20&" (cursar); ","")&IF(Datos!A18<>"Aprobada",A28&"-"&C28&" (aprobar); ",""))) -> 9-Introducción a Equipos y Procesos (cursar); 16-Balances de Masa y Energía (aprobar); | J57: 6
A58: 47 | B58: X | C58: Química de los Alimentos (Elect.) | D58: 20 | E58: 14, 22 | F58: No Cursada | G58: =IF(Finales!E51="","",Finales!E51) | H58: =IF(F58="Aprobada","✅ Aprobada",IF(F58="Regular","🔄 Regular",IF(F58="Cursando","📖 Cursando",IF(AND(OR(Datos!A22="Regular",Datos!A22="Aprobada"),Datos!A15="Aprobada",Datos!A24="Aprobada"),"✅ Disponible","❌ No Disponible")))) -> ❌ No Disponible | I58: =IF(OR(F58="Aprobada",F58="Regular"),"-",IF(H58="✅ Disponible","Sin faltantes",IF(AND(Datos!A22<>"Regular",Datos!A22<>"Aprobada"),A32&"-"&C32&" (cursar); ","")&IF(Datos!A15<>"Aprobada",A25&"-"&C25&" (aprobar); ","")&IF(Datos!A24<>"Aprobada",A34&"-"&C34&" (aprobar); ",""))) -> 20-Fisicoquímica (cursar); 14-Química Orgánica (aprobar); 22-Química Analítica (aprobar); | J58: 6
A59: 48 | B59: X | C59: Administración de Negocios (Elect.) | D59: 29, 30, 31 | E59: 32 | F59: No Cursada | G59: =IF(Finales!E52="","",Finales!E52) | H59: =IF(F59="Aprobada","✅ Aprobada",IF(F59="Regular","🔄 Regular",IF(F59="Cursando","📖 Cursando",IF(AND(OR(Datos!A32="Regular",Datos!A32="Aprobada"),OR(Datos!A33="Regular",Datos!A33="Aprobada"),OR(Datos!A34="Regular",Datos!A34="Aprobada"),Datos!A35="Aprobada"),"✅ Disponible","❌ No Disponible")))) -> ❌ No Disponible | I59: =IF(OR(F59="Aprobada",F59="Regular"),"-",IF(H59="✅ Disponible","Sin faltantes",IF(AND(Datos!A32<>"Regular",Datos!A32<>"Aprobada"),A42&"-"&C42&" (cursar); ","")&IF(AND(Datos!A33<>"Regular",Datos!A33<>"Aprobada"),A43&"-"&C43&" (cursar); ","")&IF(AND(Datos!A34<>"Regular",Datos!A34<>"Aprobada"),A44&"-"&C44&" (cursar); ","")&IF(Datos!A35<>"Aprobada",A45&"-"&C45&" (aprobar); ",""))) -> 29-Operaciones Unitarias II (cursar); 30-Ingeniería de las Reacciones Químicas (cursar); 31-Calidad y Control Estadístico de Procesos (cursar); 32-Organización Industrial (aprobar); | J59: 5
A60: 49 | B60: X | C60: Energías Renovables (Elect.) | D60: 26, 29, 27, 30 | E60: 17, 20 | F60: No Cursada | G60: =IF(Finales!E53="","",Finales!E53) | H60: =IF(F60="Aprobada","✅ Aprobada",IF(F60="Regular","🔄 Regular",IF(F60="Cursando","📖 Cursando",IF(AND(OR(Datos!A29="Regular",Datos!A29="Aprobada"),OR(Datos!A32="Regular",Datos!A32="Aprobada"),OR(Datos!A30="Regular",Datos!A30="Aprobada"),OR(Datos!A33="Regular",Datos!A33="Aprobada"),Datos!A19="Aprobada",Datos!A22="Aprobada"),"✅ Disponible","❌ No Disponible")))) -> ❌ No Disponible | I60: =IF(OR(F60="Aprobada",F60="Regular"),"-",IF(H60="✅ Disponible","Sin faltantes",IF(AND(Datos!A29<>"Regular",Datos!A29<>"Aprobada"),A39&"-"&C39&" (cursar); ","")&IF(AND(Datos!A32<>"Regular",Datos!A32<>"Aprobada"),A42&"-"&C42&" (cursar); ","")&IF(AND(Datos!A30<>"Regular",Datos!A30<>"Aprobada"),A40&"-"&C40&" (cursar); ","")&IF(AND(Datos!A33<>"Regular",Datos!A33<>"Aprobada"),A43&"-"&C43&" (cursar); ","")&IF(Datos!A19<>"Aprobada",A29&"-"&C29&" (aprobar); ","")&IF(Datos!A22<>"Aprobada",A32&"-"&C32&" (aprobar); ",""))) -> 26-Operaciones Unitarias I (cursar); 29-Operaciones Unitarias II (cursar); 27-Tecnología de la Energía Térmica (cursar); 30-Ingeniería de las Reacciones Químicas (cursar); 17-Termodinámica (aprobar); 20-Fisicoquímica (aprobar); | J60: 6
A61: 50 | B61: X | C61: Ingeniería de las Instalaciones (Elect.) | D61: 26, 25 | E61: 7, 41 | F61: No Cursada | G61: =IF(Finales!E54="","",Finales!E54) | H61: =IF(F61="Aprobada","✅ Aprobada",IF(F61="Regular","🔄 Regular",IF(F61="Cursando","📖 Cursando",IF(AND(OR(Datos!A29="Regular",Datos!A29="Aprobada"),OR(Datos!A28="Regular",Datos!A28="Aprobada"),Datos!A8="Aprobada",Datos!A27="Aprobada"),"✅ Disponible","❌ No Disponible")))) -> ❌ No Disponible | I61: =IF(OR(F61="Aprobada",F61="Regular"),"-",IF(H61="✅ Disponible","Sin faltantes",IF(AND(Datos!A29<>"Regular",Datos!A29<>"Aprobada"),A39&"-"&C39&" (cursar); ","")&IF(AND(Datos!A28<>"Regular",Datos!A28<>"Aprobada"),A38&"-"&C38&" (cursar); ","")&IF(Datos!A8<>"Aprobada",A18&"-"&C18&" (aprobar); ","")&IF(Datos!A27<>"Aprobada",A37&"-"&C37&" (aprobar); ",""))) -> 26-Operaciones Unitarias I (cursar); 25-Diseño, simulación, optimización y seguridad (cursar); 7-Sistemas de Representación (aprobar); 41-Inglés II (aprobar); | J61: 6
A62: 51 | B62: X | C62: Tecnología de los Alimentos (Elect.) | D62: 27 | E62: 27 | F62: No Cursada | G62: =IF(Finales!E55="","",Finales!E55) | H62: =IF(F62="Aprobada","✅ Aprobada",IF(F62="Regular","🔄 Regular",IF(F62="Cursando","📖 Cursando",IF(AND(OR(Datos!A30="Regular",Datos!A30="Aprobada"),Datos!A30="Aprobada"),"✅ Disponible","❌ No Disponible")))) -> ❌ No Disponible | I62: =IF(OR(F62="Aprobada",F62="Regular"),"-",IF(H62="✅ Disponible","Sin faltantes",IF(AND(Datos!A30<>"Regular",Datos!A30<>"Aprobada"),A40&"-"&C40&" (cursar); ","")&IF(Datos!A30<>"Aprobada",A40&"-"&C40&" (aprobar); ",""))) -> 27-Tecnología de la Energía Térmica (cursar); 27-Tecnología de la Energía Térmica (aprobar); | J62: 6
A63: 52 | B63: X | C63: Métodos Emergentes de Preservación de AIimentos (Elect.) | D63: 27 | E63: 29, 20 | F63: No Cursada | G63: =IF(Finales!E56="","",Finales!E56) | H63: =IF(F63="Aprobada","✅ Aprobada",IF(F63="Regular","🔄 Regular",IF(F63="Cursando","📖 Cursando",IF(AND(OR(Datos!A30="Regular",Datos!A30="Aprobada"),Datos!A32="Aprobada",Datos!A22="Aprobada"),"✅ Disponible","❌ No Disponible")))) -> ❌ No Disponible | I63: =IF(OR(F63="Aprobada",F63="Regular"),"-",IF(H63="✅ Disponible","Sin faltantes",IF(AND(Datos!A30<>"Regular",Datos!A30<>"Aprobada"),A40&"-"&C40&" (cursar); ","")&IF(Datos!A32<>"Aprobada",A42&"-"&C42&" (aprobar); ","")&IF(Datos!A22<>"Aprobada",A32&"-"&C32&" (aprobar); ",""))) -> 27-Tecnología de la Energía Térmica (cursar); 29-Operaciones Unitarias II (aprobar); 20-Fisicoquímica (aprobar); | J63: 6
A64: 53 | B64: X | C64: Procedimientos y Normativas en Alimentos (Elect.) | D64: 25 | E64: 24 | F64: No Cursada | G64: =IF(Finales!E57="","",Finales!E57) | H64: =IF(F64="Aprobada","✅ Aprobada",IF(F64="Regular","🔄 Regular",IF(F64="Cursando","📖 Cursando",IF(AND(OR(Datos!A28="Regular",Datos!A28="Aprobada"),Datos!A26="Aprobada"),"✅ Disponible","❌ No Disponible")))) -> ❌ No Disponible | I64: =IF(OR(F64="Aprobada",F64="Regular"),"-",IF(H64="✅ Disponible","Sin faltantes",IF(AND(Datos!A28<>"Regular",Datos!A28<>"Aprobada"),A38&"-"&C38&" (cursar); ","")&IF(Datos!A26<>"Aprobada",A36&"-"&C36&" (aprobar); ",""))) -> 25-Diseño, simulación, optimización y seguridad (cursar); 24-Química Aplicada (aprobar); | J64: 6
A65: 54 | B65: X | C65: Estudios y Análisis de Procesos de Trabajo (Elect.) | D65: 32 | E65: 28, 15 | F65: No Cursada | G65: =IF(Finales!E58="","",Finales!E58) | H65: =IF(F65="Aprobada","✅ Aprobada",IF(F65="Regular","🔄 Regular",IF(F65="Cursando","📖 Cursando",IF(AND(OR(Datos!A35="Regular",Datos!A35="Aprobada"),Datos!A31="Aprobada",Datos!A16="Aprobada"),"✅ Disponible","❌ No Disponible")))) -> ❌ No Disponible | I65: =IF(OR(F65="Aprobada",F65="Regular"),"-",IF(H65="✅ Disponible","Sin faltantes",IF(AND(Datos!A35<>"Regular",Datos!A35<>"Aprobada"),A45&"-"&C45&" (cursar); ","")&IF(Datos!A31<>"Aprobada",A41&"-"&C41&" (aprobar); ","")&IF(Datos!A16<>"Aprobada",A26&"-"&C26&" (aprobar); ",""))) -> 32-Organización Industrial (cursar); 28-Economía (aprobar); 15-Legislación (aprobar); | J65: 6

Sheet Finales
A1: 📝 REGISTRO DE EXÁMENES FINALES
A2: Ingrese las notas de cada intento de final. Se aprueba con 6. Máximo 4 instancias por materia en condición regular.
A4: N° | B4: NIVEL | C4: ASIGNATURA | D4: ESTADO | E4: NOTA FINAL | F4: FECHA 1° | G4: 1° NOTA | H4: FECHA 2° | I4: 2° NOTA | J4: FECHA 3° | K4: 3° NOTA | L4: FECHA 4° | M4: 4° NOTA | N4: FECHA 5° | O4: 5° NOTA | P4: FECHA 6° | Q4: 6° NOTA
A5: 1 | B5: I | C5: Introducción a la Ingeniería Química | D5: =Seguimiento!F12 -> No Cursada | E5: =IF(COUNTA(G5,I5,K5,M5,O5,Q5)=0,"",IF(MAX(IF(G5>=6,G5,0),IF(I5>=6,I5,0),IF(K5>=6,K5,0),IF(M5>=6,M5,0),IF(O5>=6,O5,0),IF(Q5>=6,Q5,0))>0,MAX(IF(G5>=6,G5,0),IF(I5>=6,I5,0),IF(K5>=6,K5,0),IF(M5>=6,M5,0),IF(O5>=6,O5,0),IF(Q5>=6,Q5,0)),IF(Q5<>"",Q5,IF(O5<>"",O5,IF(M5<>"",M5,IF(K5<>"",K5,IF(I5<>"",I5,G5)))))))
A6: 2 | B6: I | C6: Ingeniería y Sociedad | D6: =Seguimiento!F13 -> No Cursada | E6: =IF(COUNTA(G6,I6,K6,M6,O6,Q6)=0,"",IF(MAX(IF(G6>=6,G6,0),IF(I6>=6,I6,0),IF(K6>=6,K6,0),IF(M6>=6,M6,0),IF(O6>=6,O6,0),IF(Q6>=6,Q6,0))>0,MAX(IF(G6>=6,G6,0),IF(I6>=6,I6,0),IF(K6>=6,K6,0),IF(M6>=6,M6,0),IF(O6>=6,O6,0),IF(Q6>=6,Q6,0)),IF(Q6<>"",Q6,IF(O6<>"",O6,IF(M6<>"",M6,IF(K6<>"",K6,IF(I6<>"",I6,G6)))))))
A7: 3 | B7: I | C7: Álgebra y Geometría Analítica | D7: =Seguimiento!F14 -> No Cursada | E7: =IF(COUNTA(G7,I7,K7,M7,O7,Q7)=0,"",IF(MAX(IF(G7>=6,G7,0),IF(I7>=6,I7,0),IF(K7>=6,K7,0),IF(M7>=6,M7,0),IF(O7>=6,O7,0),IF(Q7>=6,Q7,0))>0,MAX(IF(G7>=6,G7,0),IF(I7>=6,I7,0),IF(K7>=6,K7,0),IF(M7>=6,M7,0),IF(O7>=6,O7,0),IF(Q7>=6,Q7,0)),IF(Q7<>"",Q7,IF(O7<>"",O7,IF(M7<>"",M7,IF(K7<>"",K7,IF(I7<>"",I7,G7)))))))
A8: 4 | B8: I | C8: Análisis Matemático I | D8: =Seguimiento!F15 -> No Cursada | E8: =IF(COUNTA(G8,I8,K8,M8,O8,Q8)=0,"",IF(MAX(IF(G8>=6,G8,0),IF(I8>=6,I8,0),IF(K8>=6,K8,0),IF(M8>=6,M8,0),IF(O8>=6,O8,0),IF(Q8>=6,Q8,0))>0,MAX(IF(G8>=6,G8,0),IF(I8>=6,I8,0),IF(K8>=6,K8,0),IF(M8>=6,M8,0),IF(O8>=6,O8,0),IF(Q8>=6,Q8,0)),IF(Q8<>"",Q8,IF(O8<>"",O8,IF(M8<>"",M8,IF(K8<>"",K8,IF(I8<>"",I8,G8)))))))
A9: 5 | B9: I | C9: Física I | D9: =Seguimiento!F16 -> No Cursada | E9: =IF(COUNTA(G9,I9,K9,M9,O9,Q9)=0,"",IF(MAX(IF(G9>=6,G9,0),IF(I9>=6,I9,0),IF(K9>=6,K9,0),IF(M9>=6,M9,0),IF(O9>=6,O9,0),IF(Q9>=6,Q9,0))>0,MAX(IF(G9>=6,G9,0),IF(I9>=6,I9,0),IF(K9>=6,K9,0),IF(M9>=6,M9,0),IF(O9>=6,O9,0),IF(Q9>=6,Q9,0)),IF(Q9<>"",Q9,IF(O9<>"",O9,IF(M9<>"",M9,IF(K9<>"",K9,IF(I9<>"",I9,G9)))))))
A10: 6 | B10: I | C10: Química | D10: =Seguimiento!F17 -> No Cursada | E10: =IF(COUNTA(G10,I10,K10,M10,O10,Q10)=0,"",IF(MAX(IF(G10>=6,G10,0),IF(I10>=6,I10,0),IF(K10>=6,K10,0),IF(M10>=6,M10,0),IF(O10>=6,O10,0),IF(Q10>=6,Q10,0))>0,MAX(IF(G10>=6,G10,0),IF(I10>=6,I10,0),IF(K10>=6,K10,0),IF(M10>=6,M10,0),IF(O10>=6,O10,0),IF(Q10>=6,Q10,0)),IF(Q10<>"",Q10,IF(O10<>"",O10,IF(M10<>"",M10,IF(K10<>"",K10,IF(I10<>"",I10,G10)))))))
A11: 7 | B11: I | C11: Sistemas de Representación | D11: =Seguimiento!F18 -> No Cursada | E11: =IF(COUNTA(G11,I11,K11,M11,O11,Q11)=0,"",IF(MAX(IF(G11>=6,G11,0),IF(I11>=6,I11,0),IF(K11>=6,K11,0),IF(M11>=6,M11,0),IF(O11>=6,O11,0),IF(Q11>=6,Q11,0))>0,MAX(IF(G11>=6,G11,0),IF(I11>=6,I11,0),IF(K11>=6,K11,0),IF(M11>=6,M11,0),IF(O11>=6,O11,0),IF(Q11>=6,Q11,0)),IF(Q11<>"",Q11,IF(O11<>"",O11,IF(M11<>"",M11,IF(K11<>"",K11,IF(I11<>"",I11,G11)))))))
A12: 8 | B12: I | C12: Fundamentos de Informática | D12: =Seguimiento!F19 -> No Cursada | E12: =IF(COUNTA(G12,I12,K12,M12,O12,Q12)=0,"",IF(MAX(IF(G12>=6,G12,0),IF(I12>=6,I12,0),IF(K12>=6,K12,0),IF(M12>=6,M12,0),IF(O12>=6,O12,0),IF(Q12>=6,Q12,0))>0,MAX(IF(G12>=6,G12,0),IF(I12>=6,I12,0),IF(K12>=6,K12,0),IF(M12>=6,M12,0),IF(O12>=6,O12,0),IF(Q12>=6,Q12,0)),IF(Q12<>"",Q12,IF(O12<>"",O12,IF(M12<>"",M12,IF(K12<>"",K12,IF(I12<>"",I12,G12)))))))
A13: 9 | B13: II | C13: Introducción a Equipos y Procesos | D13: =Seguimiento!F20 -> No Cursada | E13: =IF(COUNTA(G13,I13,K13,M13,O13,Q13)=0,"",IF(MAX(IF(G13>=6,G13,0),IF(I13>=6,I13,0),IF(K13>=6,K13,0),IF(M13>=6,M13,0),IF(O13>=6,O13,0),IF(Q13>=6,Q13,0))>0,MAX(IF(G13>=6,G13,0),IF(I13>=6,I13,0),IF(K13>=6,K13,0),IF(M13>=6,M13,0),IF(O13>=6,O13,0),IF(Q13>=6,Q13,0)),IF(Q13<>"",Q13,IF(O13<>"",O13,IF(M13<>"",M13,IF(K13<>"",K13,IF(I13<>"",I13,G13)))))))
A14: 10 | B14: II | C14: Probabilidad y Estadística | D14: =Seguimiento!F21 -> No Cursada | E14: =IF(COUNTA(G14,I14,K14,M14,O14,Q14)=0,"",IF(MAX(IF(G14>=6,G14,0),IF(I14>=6,I14,0),IF(K14>=6,K14,0),IF(M14>=6,M14,0),IF(O14>=6,O14,0),IF(Q14>=6,Q14,0))>0,MAX(IF(G14>=6,G14,0),IF(I14>=6,I14,0),IF(K14>=6,K14,0),IF(M14>=6,M14,0),IF(O14>=6,O14,0),IF(Q14>=6,Q14,0)),IF(Q14<>"",Q14,IF(O14<>"",O14,IF(M14<>"",M14,IF(K14<>"",K14,IF(I14<>"",I14,G14)))))))
A15: 11 | B15: II | C15: Química Inorgánica | D15: =Seguimiento!F22 -> No Cursada | E15: =IF(COUNTA(G15,I15,K15,M15,O15,Q15)=0,"",IF(MAX(IF(G15>=6,G15,0),IF(I15>=6,I15,0),IF(K15>=6,K15,0),IF(M15>=6,M15,0),IF(O15>=6,O15,0),IF(Q15>=6,Q15,0))>0,MAX(IF(G15>=6,G15,0),IF(I15>=6,I15,0),IF(K15>=6,K15,0),IF(M15>=6,M15,0),IF(O15>=6,O15,0),IF(Q15>=6,Q15,0)),IF(Q15<>"",Q15,IF(O15<>"",O15,IF(M15<>"",M15,IF(K15<>"",K15,IF(I15<>"",I15,G15)))))))
A16: 12 | B16: II | C16: Análisis Matemático II | D16: =Seguimiento!F23 -> No Cursada | E16: =IF(COUNTA(G16,I16,K16,M16,O16,Q16)=0,"",IF(MAX(IF(G16>=6,G16,0),IF(I16>=6,I16,0),IF(K16>=6,K16,0),IF(M16>=6,M16,0),IF(O16>=6,O16,0),IF(Q16>=6,Q16,0))>0,MAX(IF(G16>=6,G16,0),IF(I16>=6,I16,0),IF(K16>=6,K16,0),IF(M16>=6,M16,0),IF(O16>=6,O16,0),IF(Q16>=6,Q16,0)),IF(Q16<>"",Q16,IF(O16<>"",O16,IF(M16<>"",M16,IF(K16<>"",K16,IF(I16<>"",I16,G16)))))))
... A58: 54 | B58: X | C58: Estudios y Análisis de Procesos de Trabajo (Elect.) | D58: =Seguimiento!F65 -> No Cursada | E58: =IF(COUNTA(G58,I58,K58,M58,O58,Q58)=0,"",IF(MAX(IF(G58>=6,G58,0),IF(I58>=6,I58,0),IF(K58>=6,K58,0),IF(M58>=6,M58,0),IF(O58>=6,O58,0),IF(Q58>=6,Q58,0))>0,MAX(IF(G58>=6,G58,0),IF(I58>=6,I58,0),IF(K58>=6,K58,0),IF(M58>=6,M58,0),IF(O58>=6,O58,0),IF(Q58>=6,Q58,0)),IF(Q58<>"",Q58,IF(O58<>"",O58,IF(M58<>"",M58,IF(K58<>"",K58,IF(I58<>"",I58,G58)))))))

Sheet Nota al Estudiante
E1: 📝 NOTA AL ESTUDIANTE
E2: Seguimiento de Carrera — Ingeniería Química • UTN FRRe

Sheet Datos
A1: Estado Efectivo | C1: Asignatura | D1: Cursadas Requeridas | E1: Aprobadas Requeridas | F1: Fila Seguimiento
A2: =Seguimiento!F12 -> No Cursada | C2: Introducción a la Ingeniería Química | D2: - | E2: - | F2: 12
A3: =Seguimiento!F13 -> No Cursada | C3: Ingeniería y Sociedad | D3: - | E3: - | F3: 13
A4: =Seguimiento!F14 -> No Cursada | C4: Álgebra y Geometría Analítica | D4: - | E4: - | F4: 14
A5: =Seguimiento!F15 -> No Cursada | C5: Análisis Matemático I | D5: - | E5: - | F5: 15
A6: =Seguimiento!F16 -> No Cursada | C6: Física I | D6: - | E6: - | F6: 16
A7: =Seguimiento!F17 -> No Cursada | C7: Química | D7: - | E7: - | F7: 17
A8: =Seguimiento!F18 -> No Cursada | C8: Sistemas de Representación | D8: - | E8: - | F8: 18
A9: =Seguimiento!F19 -> No Cursada | C9: Fundamentos de Informática | D9: - | E9: - | F9: 19
A10: =Seguimiento!F20 -> No Cursada | C10: Introducción a Equipos y Procesos | D10: 1,6 | E10: - | F10: 20
A11: =Seguimiento!F21 -> No Cursada | C11: Probabilidad y Estadística | D11: 3,4 | E11: - | F11: 21
A12: =Seguimiento!F22 -> No Cursada | C12: Química Inorgánica | D12: 6 | E12: - | F12: 22
A13: =Seguimiento!F23 -> No Cursada | C13: Análisis Matemático II | D13: 3,4 | E13: - | F13: 23
A14: =Seguimiento!F24 -> No Cursada | C14: Física II | D14: 4,5 | E14: - | F14: 24
A15: =Seguimiento!F25 -> No Cursada | C15: Química Orgánica | D15: 6 | E15: - | F15: 25
A16: =Seguimiento!F26 -> No Cursada | C16: Legislación | D16: 1,2 | E16: - | F16: 26
A17: =Seguimiento!F27 -> No Cursada | C17: Inglés I | D17: - | E17: - | F17: 27
A18: =Seguimiento!F28 -> No Cursada | C18: Balances de Masa y Energía | D18: 6,7,8,9,13 | E18: 1,3,4 | F18: 28
A19: =Seguimiento!F29 -> No Cursada | C19: Termodinámica | D19: 11,12,13 | E19: 4,6 | F19: 29
A20: =Seguimiento!F30 -> No Cursada | C20: Matemática Superior Aplicada | D20: 12 | E20: 3,4 | F20: 30
A21: =Seguimiento!F31 -> No Cursada | C21: Ciencia de los Materiales | D21: 9,11,14 | E21: 1,6 | F21: 31
A22: =Seguimiento!F32 -> No Cursada | C22: Fisicoquímica | D22: 9,12,13 | E22: 3,4,6 | F22: 32
A23: =Seguimiento!F33 -> No Cursada | C23: Fenómenos de Transporte | D23: 9,12,13 | E23: 3,4,6 | F23: 33
A24: =Seguimiento!F34 -> No Cursada | C24: Química Analítica | D24: 10,11,14 | E24: 2,6 | F24: 34
A25: =Seguimiento!F35 -> No Cursada | C25: Microbiología y Química Biológica | D25: 11,14 | E25: 6 | F25: 35
A26: =Seguimiento!F36 -> No Cursada | C26: Química Aplicada | D26: 9,11,13,14 | E26: 1,2,6,40 | F26: 36
A27: =Seguimiento!F37 -> No Cursada | C27: Inglés II | D27: 40 | E27: - | F27: 37
A28: =Seguimiento!F38 -> No Cursada | C28: Diseño, simulación, optimización y seguridad | D28: 16,18 | E28: 7,8,9,12,41 | F28: 38
A29: =Seguimiento!F39 -> No Cursada | C29: Operaciones Unitarias I | D29: 16,17,21 | E29: 9,12,13 | F29: 39
A30: =Seguimiento!F40 -> No Cursada | C30: Tecnología de la Energía Térmica | D30: 16,17,20,21 | E30: 9,12,13 | F30: 40
A31: =Seguimiento!F41 -> No Cursada | C31: Economía | D31: 9 | E31: 2,3 | F31: 41
A32: =Seguimiento!F42 -> No Cursada | C32: Operaciones Unitarias II | D32: 17,20,21 | E32: 9,12,13,14 | F32: 42
A33: =Seguimiento!F43 -> No Cursada | C33: Ingeniería de las Reacciones Químicas | D33: 16,17,20,21 | E33: 11,12,14 | F33: 43
A34: =Seguimiento!F44 -> No Cursada | C34: Calidad y Control Estadístico de Procesos | D34: 10 | E34: 4 | F34: 44
A35: =Seguimiento!F45 -> No Cursada | C35: Organización Industrial | D35: 10 | E35: 2,9,15 | F35: 45
A36: =Seguimiento!F46 -> No Cursada | C36: Control Automático de Procesos | D36: 25,29 | E36: 16,18,22 | F36: 46
A37: =Seguimiento!F47 -> No Cursada | C37: Mecánica Industrial | D37: 9,20 | E37: 5,11,19 | F37: 47
A38: =Seguimiento!F48 -> No Cursada | C38: Ingeniería Ambiental | D38: 24,26,29,30 | E38: 15,16,22 | F38: 48
A39: =Seguimiento!F49 -> No Cursada | C39: Procesos Biotecnológicos | D39: 16,20,21,23 | E39: 9,11,14 | F39: 49
A40: =Seguimiento!F50 -> No Cursada | C40: Higiene y Seguridad en el Trabajo | D40: 11,14,16 | E40: 9 | F40: 50
A41: =Seguimiento!F51 -> No Cursada | C41: Máquinas e Instalaciones Eléctricas | D41: 26 | E41: 9,13 | F41: 51
A42: =Seguimiento!F52 -> No Cursada | C42: Proyecto Final | D42: 25,26,27,29,30,32 | E42: 16,20,21,24,28 | F42: 52
